{"cameraMode":{"drawMode":0,"name":"Shaded","section":"Shading Mode"},"sceneLighting":true,"audioPlay":false,"sceneViewState":{"showFog":true,"showMaterialUpdate":false,"showSkybox":true,"showFlares":true,"showImageEffects":true,"showParticleSystems":true},"in2DMode":false,"pivot":{"x":1.941860318183899,"y":17.907217025756837,"z":-217.3256378173828},"rotation":{"x":0.20162193477153779,"y":-0.7795735597610474,"z":0.30232250690460207,"w":0.5105298757553101},"size":2.0591940879821779,"orthographic":true}