{"cameraMode":{"drawMode":0,"name":"Shaded","section":"Shading Mode"},"sceneLighting":false,"audioPlay":false,"sceneViewState":{"showFog":true,"showMaterialUpdate":false,"showSkybox":false,"showFlares":true,"showImageEffects":true,"showParticleSystems":true},"in2DMode":false,"pivot":{"x":-0.04013031721115112,"y":0.4198306202888489,"z":0.13619154691696168},"rotation":{"x":0.13224375247955323,"y":-0.8692489862442017,"z":0.3604898154735565,"w":0.31207337975502016},"size":1.1511324644088746,"orthographic":true}