{"cameraMode":{"drawMode":0,"name":"Shaded","section":"Shading Mode"},"sceneLighting":false,"audioPlay":false,"sceneViewState":{"showFog":true,"showMaterialUpdate":false,"showSkybox":false,"showFlares":true,"showImageEffects":true,"showParticleSystems":true},"in2DMode":false,"pivot":{"x":1.1549488306045533,"y":1.3348760604858399,"z":-8.764628410339356},"rotation":{"x":-0.28894177079200747,"y":0.03806064650416374,"z":-0.01116045843809843,"w":-0.9566500782966614},"size":0.27907997369766238,"orthographic":true}