{"cameraMode":{"drawMode":0,"name":"Shaded","section":"Shading Mode"},"sceneLighting":false,"audioPlay":false,"sceneViewState":{"showFog":true,"showMaterialUpdate":false,"showSkybox":false,"showFlares":true,"showImageEffects":true,"showParticleSystems":true},"in2DMode":false,"pivot":{"x":165.02450561523438,"y":14.920000076293946,"z":65.98978424072266},"rotation":{"x":0.08427733927965164,"y":0.07049088925123215,"z":-0.007890804670751095,"w":0.9941235780715942},"size":2.7073073387145998,"orthographic":true}