{"cameraMode":{"drawMode":0,"name":"Shaded","section":"Shading Mode"},"sceneLighting":false,"audioPlay":false,"sceneViewState":{"showFog":true,"showMaterialUpdate":false,"showSkybox":false,"showFlares":true,"showImageEffects":true,"showParticleSystems":true},"in2DMode":false,"pivot":{"x":0.0019512772560119629,"y":0.29763591289520266,"z":0.0011432617902755738},"rotation":{"x":0.04090101644396782,"y":-0.9060177206993103,"z":0.41303572058677676,"w":0.08524461090564728},"size":0.35663092136383059,"orthographic":true}