{"cameraMode":{"drawMode":0,"name":"Shaded","section":"Shading Mode"},"sceneLighting":false,"audioPlay":false,"sceneViewState":{"showFog":true,"showMaterialUpdate":false,"showSkybox":false,"showFlares":true,"showImageEffects":true,"showParticleSystems":true},"in2DMode":false,"pivot":{"x":166.19313049316407,"y":15.891955375671387,"z":68.86283111572266},"rotation":{"x":0.10343746840953827,"y":-0.4386168420314789,"z":0.04840800538659096,"w":0.8916260004043579},"size":1.2490848302841187,"orthographic":true}