{"cameraMode":{"drawMode":0,"name":"Shaded","section":"Shading Mode"},"sceneLighting":false,"audioPlay":false,"sceneViewState":{"showFog":true,"showMaterialUpdate":false,"showSkybox":false,"showFlares":true,"showImageEffects":true,"showParticleSystems":true},"in2DMode":false,"pivot":{"x":1.1549488306045533,"y":1.3348760604858399,"z":-8.764628410339356},"rotation":{"x":0.02614651247859001,"y":0.7530693411827087,"z":-0.0313374325633049,"w":0.6568893194198608},"size":0.7339354753494263,"orthographic":true}