{"cameraMode":{"drawMode":0,"name":"Shaded","section":"Shading Mode"},"sceneLighting":true,"audioPlay":false,"sceneViewState":{"showFog":true,"showMaterialUpdate":false,"showSkybox":false,"showFlares":true,"showImageEffects":true,"showParticleSystems":true},"in2DMode":false,"pivot":{"x":405.17974853515627,"y":-6.378539085388184,"z":369.9063415527344},"rotation":{"x":-0.40534332394599917,"y":-0.07550431787967682,"z":0.03491104021668434,"w":-0.9105860590934753},"size":4.849728107452393,"orthographic":true}