{"cameraMode":{"drawMode":0,"name":"Shaded","section":"Shading Mode"},"sceneLighting":false,"audioPlay":false,"sceneViewState":{"showFog":true,"showMaterialUpdate":false,"showSkybox":false,"showFlares":true,"showImageEffects":true,"showParticleSystems":true},"in2DMode":false,"pivot":{"x":0.12174493074417114,"y":0.2689390778541565,"z":0.17120057344436646},"rotation":{"x":-0.1449485719203949,"y":0.8008642196655273,"z":-0.21262720227241517,"w":-0.5410913228988648},"size":0.3544359505176544,"orthographic":true}