{"cameraMode":{"drawMode":0,"name":"Shaded","section":"Shading Mode"},"sceneLighting":false,"audioPlay":false,"sceneViewState":{"showFog":true,"showMaterialUpdate":false,"showSkybox":false,"showFlares":true,"showImageEffects":true,"showParticleSystems":true},"in2DMode":false,"pivot":{"x":-0.00868755578994751,"y":1.7217235565185547,"z":-0.008692324161529541},"rotation":{"x":0.04090101644396782,"y":-0.9060177206993103,"z":0.41303572058677676,"w":0.08524461090564728},"size":1.8548533916473389,"orthographic":true}