{"cameraMode":{"drawMode":0,"name":"Shaded","section":"Shading Mode"},"sceneLighting":false,"audioPlay":false,"sceneViewState":{"showFog":true,"showMaterialUpdate":false,"showSkybox":false,"showFlares":true,"showImageEffects":true,"showParticleSystems":true},"in2DMode":false,"pivot":{"x":-2.6829590797424318,"y":5.49920654296875,"z":-87.76820373535156},"rotation":{"x":-0.03244970366358757,"y":0.9166945219039917,"z":-0.07425811886787415,"w":-0.3917847275733948},"size":0.20960018038749696,"orthographic":true}