{"cameraMode":{"drawMode":0,"name":"Shaded","section":"Shading Mode"},"sceneLighting":false,"audioPlay":false,"sceneViewState":{"showFog":true,"showMaterialUpdate":false,"showSkybox":false,"showFlares":true,"showImageEffects":true,"showParticleSystems":true},"in2DMode":false,"pivot":{"x":60.386775970458987,"y":-2.9800000190734865,"z":126.29439544677735},"rotation":{"x":0.004507487174123526,"y":-0.9933880567550659,"z":0.0459807924926281,"w":0.10672155022621155},"size":0.35049349069595339,"orthographic":false}