{"cameraMode":{"drawMode":0,"name":"Shaded","section":"Shading Mode"},"sceneLighting":false,"audioPlay":false,"sceneViewState":{"showFog":true,"showMaterialUpdate":false,"showSkybox":false,"showFlares":true,"showImageEffects":true,"showParticleSystems":true},"in2DMode":false,"pivot":{"x":245.96240234375,"y":4.53514289855957,"z":176.70068359375},"rotation":{"x":0.0412600040435791,"y":0.8943988084793091,"z":-0.08290103822946549,"w":0.43814796209335329},"size":1.1062957048416138,"orthographic":false}