{"cameraMode":{"drawMode":0,"name":"Shaded","section":"Shading Mode"},"sceneLighting":false,"audioPlay":false,"sceneViewState":{"showFog":true,"showMaterialUpdate":false,"showSkybox":false,"showFlares":true,"showImageEffects":true,"showParticleSystems":true},"in2DMode":false,"pivot":{"x":-0.7581233978271484,"y":2.306087017059326,"z":0.0},"rotation":{"x":0.009019509889185429,"y":0.9877126216888428,"z":-0.14741507172584535,"w":0.05380618944764137},"size":2.488656997680664,"orthographic":false}