{"cameraMode":{"drawMode":0,"name":"Shaded","section":"Shading Mode"},"sceneLighting":false,"audioPlay":false,"sceneViewState":{"showFog":true,"showMaterialUpdate":false,"showSkybox":false,"showFlares":true,"showImageEffects":true,"showParticleSystems":true},"in2DMode":false,"pivot":{"x":405.17974853515627,"y":-6.378539085388184,"z":369.9063415527344},"rotation":{"x":-0.03332795202732086,"y":-0.8250591158866882,"z":0.047695260494947436,"w":-0.5622270107269287},"size":4.849728107452393,"orthographic":false}