{"cameraMode":{"drawMode":0,"name":"Shaded","section":"Shading Mode"},"sceneLighting":false,"audioPlay":false,"sceneViewState":{"showFog":true,"showMaterialUpdate":false,"showSkybox":false,"showFlares":true,"showImageEffects":true,"showParticleSystems":true},"in2DMode":false,"pivot":{"x":192.20062255859376,"y":0.38999998569488528,"z":95.53031158447266},"rotation":{"x":-0.006016619503498077,"y":-0.007017349824309349,"z":-0.0008903943817131221,"w":-1.0001741647720338},"size":0.1915767788887024,"orthographic":false}