{"cameraMode":{"drawMode":0,"name":"Shaded","section":"Shading Mode"},"sceneLighting":false,"audioPlay":false,"sceneViewState":{"showFog":true,"showMaterialUpdate":false,"showSkybox":false,"showFlares":true,"showImageEffects":true,"showParticleSystems":true},"in2DMode":false,"pivot":{"x":166.2476348876953,"y":15.719125747680664,"z":68.71640014648438},"rotation":{"x":0.08222459256649018,"y":0.7308831214904785,"z":-0.08866959810256958,"w":0.6718544960021973},"size":1.2000198364257813,"orthographic":false}