{"cameraMode":{"drawMode":0,"name":"Shaded","section":"Shading Mode"},"sceneLighting":false,"audioPlay":false,"sceneViewState":{"showFog":true,"showMaterialUpdate":false,"showSkybox":false,"showFlares":true,"showImageEffects":true,"showParticleSystems":true},"in2DMode":false,"pivot":{"x":200.4839324951172,"y":-1.0829999446868897,"z":108.01861572265625},"rotation":{"x":-0.08934538811445236,"y":0.9077896475791931,"z":-0.2547667324542999,"w":-0.3216601312160492},"size":4.298622131347656,"orthographic":false}