{"cameraMode":{"drawMode":0,"name":"Shaded","section":"Shading Mode"},"sceneLighting":false,"audioPlay":false,"sceneViewState":{"showFog":true,"showMaterialUpdate":false,"showSkybox":false,"showFlares":true,"showImageEffects":true,"showParticleSystems":true},"in2DMode":false,"pivot":{"x":205.98472595214845,"y":-3.1018311977386476,"z":118.832275390625},"rotation":{"x":-0.14354538917541505,"y":-0.004103379789739847,"z":-0.0003463195462245494,"w":-0.9898548126220703},"size":2.9840164184570314,"orthographic":false}