{"cameraMode":{"drawMode":0,"name":"Shaded","section":"Shading Mode"},"sceneLighting":false,"audioPlay":false,"sceneViewState":{"showFog":true,"showMaterialUpdate":false,"showSkybox":false,"showFlares":true,"showImageEffects":true,"showParticleSystems":true},"in2DMode":false,"pivot":{"x":0.00579148530960083,"y":0.17750512063503266,"z":0.000001430511474609375},"rotation":{"x":0.011494929902255535,"y":-0.9846924543380737,"z":0.15615931153297425,"w":0.0779934972524643},"size":1.0209574699401856,"orthographic":false}