{"cameraMode":{"drawMode":0,"name":"Shaded","section":"Shading Mode"},"sceneLighting":false,"audioPlay":false,"sceneViewState":{"showFog":true,"showMaterialUpdate":false,"showSkybox":false,"showFlares":true,"showImageEffects":true,"showParticleSystems":true},"in2DMode":false,"pivot":{"x":3.055330753326416,"y":18.46223258972168,"z":-218.21685791015626},"rotation":{"x":-0.004708425607532263,"y":-0.9935817718505859,"z":0.10471475124359131,"w":-0.04352850839495659},"size":1.7085700035095215,"orthographic":false}