{"cameraMode":{"drawMode":0,"name":"Shaded","section":"Shading Mode"},"sceneLighting":false,"audioPlay":false,"sceneViewState":{"showFog":true,"showMaterialUpdate":false,"showSkybox":false,"showFlares":true,"showImageEffects":true,"showParticleSystems":true},"in2DMode":false,"pivot":{"x":1.1549488306045533,"y":1.3348760604858399,"z":-8.764628410339356},"rotation":{"x":-0.0032752070110291244,"y":-0.9613426327705383,"z":0.27540236711502077,"w":-0.010295079089701176},"size":1.3339354991912842,"orthographic":false}