{"cameraMode":{"drawMode":0,"name":"Shaded","section":"Shading Mode"},"sceneLighting":false,"audioPlay":false,"sceneViewState":{"showFog":true,"showMaterialUpdate":false,"showSkybox":false,"showFlares":true,"showImageEffects":true,"showParticleSystems":true},"in2DMode":false,"pivot":{"x":47.570735931396487,"y":20.328571319580079,"z":155.17477416992188},"rotation":{"x":0.03207631781697273,"y":-0.96304851770401,"z":0.2311386615037918,"w":0.13500526547431947},"size":2.408057928085327,"orthographic":false}