{"cameraMode":{"drawMode":0,"name":"Shaded","section":"Shading Mode"},"sceneLighting":false,"audioPlay":false,"sceneViewState":{"showFog":true,"showMaterialUpdate":false,"showSkybox":false,"showFlares":true,"showImageEffects":true,"showParticleSystems":true},"in2DMode":false,"pivot":{"x":201.67970275878907,"y":-1.0700000524520875,"z":110.23421478271485},"rotation":{"x":-0.08934538811445236,"y":0.9077896475791931,"z":-0.2547667324542999,"w":-0.3216601312160492},"size":10.0,"orthographic":false}