{"cameraMode":{"drawMode":0,"name":"Shaded","section":"Shading Mode"},"sceneLighting":false,"audioPlay":false,"sceneViewState":{"showFog":true,"showMaterialUpdate":false,"showSkybox":false,"showFlares":true,"showImageEffects":true,"showParticleSystems":true},"in2DMode":false,"pivot":{"x":159.5665283203125,"y":0.37304431200027468,"z":75.13284301757813},"rotation":{"x":0.012470770627260208,"y":-0.9868155121803284,"z":0.09927814453840256,"w":0.12855905294418336},"size":1.665588140487671,"orthographic":false}