{"cameraMode":{"drawMode":0,"name":"Shaded","section":"Shading Mode"},"sceneLighting":false,"audioPlay":false,"sceneViewState":{"showFog":true,"showMaterialUpdate":false,"showSkybox":false,"showFlares":true,"showImageEffects":true,"showParticleSystems":true},"in2DMode":false,"pivot":{"x":192.83924865722657,"y":-13.285148620605469,"z":178.26602172851563},"rotation":{"x":-0.08934538811445236,"y":0.9077896475791931,"z":-0.2547667324542999,"w":-0.3216601312160492},"size":1.3100001811981202,"orthographic":false}