{"cameraMode":{"drawMode":0,"name":"Shaded","section":"Shading Mode"},"sceneLighting":false,"audioPlay":false,"sceneViewState":{"showFog":true,"showMaterialUpdate":false,"showSkybox":false,"showFlares":true,"showImageEffects":true,"showParticleSystems":true},"in2DMode":false,"pivot":{"x":8.264095306396485,"y":-12.348800659179688,"z":23.580896377563478},"rotation":{"x":0.06063999980688095,"y":-0.9301022291183472,"z":0.18220454454421998,"w":0.31343764066696169},"size":2.459512233734131,"orthographic":false}