{"cameraMode":{"drawMode":0,"name":"Shaded","section":"Shading Mode"},"sceneLighting":false,"audioPlay":false,"sceneViewState":{"showFog":true,"showMaterialUpdate":false,"showSkybox":false,"showFlares":true,"showImageEffects":true,"showParticleSystems":true},"in2DMode":false,"pivot":{"x":169.37330627441407,"y":-2.4222917556762697,"z":122.22102355957031},"rotation":{"x":0.03207631781697273,"y":-0.96304851770401,"z":0.2311386615037918,"w":0.13500526547431947},"size":10.0,"orthographic":false}