{"cameraMode":{"drawMode":0,"name":"Shaded","section":"Shading Mode"},"sceneLighting":false,"audioPlay":false,"sceneViewState":{"showFog":true,"showMaterialUpdate":false,"showSkybox":false,"showFlares":true,"showImageEffects":true,"showParticleSystems":true},"in2DMode":false,"pivot":{"x":0.0,"y":0.9393645524978638,"z":-0.008455634117126465},"rotation":{"x":-0.0727478489279747,"y":-0.8403148055076599,"z":0.11538951098918915,"w":-0.5250121355056763},"size":1.5361934900283814,"orthographic":true}