{"cameraMode":{"drawMode":0,"name":"Shaded","section":"Shading Mode"},"sceneLighting":false,"audioPlay":false,"sceneViewState":{"showFog":true,"showMaterialUpdate":false,"showSkybox":false,"showFlares":true,"showImageEffects":true,"showParticleSystems":true},"in2DMode":false,"pivot":{"x":337.654296875,"y":-5.416504859924316,"z":116.58436584472656},"rotation":{"x":-0.40348702669143679,"y":0.04449719563126564,"z":-0.020723795518279077,"w":-0.9139057397842407},"size":0.67438805103302,"orthographic":false}