{"cameraMode":{"drawMode":0,"name":"Shaded","section":"Shading Mode"},"sceneLighting":false,"audioPlay":false,"sceneViewState":{"showFog":true,"showMaterialUpdate":false,"showSkybox":false,"showFlares":true,"showImageEffects":true,"showParticleSystems":true},"in2DMode":false,"pivot":{"x":165.02450561523438,"y":14.920000076293946,"z":65.98978424072266},"rotation":{"x":0.21405625343322755,"y":-0.7851262092590332,"z":0.402908593416214,"w":0.41909441351890566},"size":1.2073075771331788,"orthographic":false}