{"cameraMode":{"drawMode":0,"name":"Shaded","section":"Shading Mode"},"sceneLighting":false,"audioPlay":false,"sceneViewState":{"showFog":true,"showMaterialUpdate":false,"showSkybox":false,"showFlares":true,"showImageEffects":true,"showParticleSystems":true},"in2DMode":false,"pivot":{"x":15.469342231750489,"y":0.09645724296569824,"z":13.944975852966309},"rotation":{"x":0.03207631781697273,"y":-0.96304851770401,"z":0.2311386615037918,"w":0.13500526547431947},"size":10.0,"orthographic":false}