{"cameraMode":{"drawMode":0,"name":"Shaded","section":"Shading Mode"},"sceneLighting":false,"audioPlay":false,"sceneViewState":{"showFog":true,"showMaterialUpdate":false,"showSkybox":false,"showFlares":true,"showImageEffects":true,"showParticleSystems":true},"in2DMode":false,"pivot":{"x":4.279687881469727,"y":-9.838260650634766,"z":-9.085334777832032},"rotation":{"x":0.03207631781697273,"y":-0.96304851770401,"z":0.2311386615037918,"w":0.13500526547431947},"size":12.461819648742676,"orthographic":false}